timestamp,cpu_percent,memory_rss,memory_vms,disk_read_mb,disk_write_mb,disk_read_count,disk_write_count
2025-02-18 17:36:45,16.9,477.32421875,2228.29296875,2003.455078125,1348.22265625,61815,46418
2025-02-18 17:36:46,16.0,477.32421875,2228.29296875,2003.455078125,1348.234375,61815,46421
2025-02-18 17:36:47,8.3,477.32421875,2228.29296875,2003.455078125,1348.234375,61815,46421
2025-02-18 17:36:48,80.8,477.32421875,2228.29296875,2003.455078125,1348.27734375,61815,46429
2025-02-18 17:36:49,1.6,477.32421875,2228.29296875,2003.455078125,1348.4296875,61815,46431
2025-02-18 17:36:51,0.0,477.32421875,2228.29296875,2003.455078125,1348.59375,61815,46438
2025-02-18 17:36:52,0.0,477.83203125,2229.29296875,2003.455078125,1348.609375,61815,46442
2025-02-18 17:36:53,6.6,477.83203125,2229.29296875,2003.455078125,1348.609375,61815,46442
2025-02-18 17:36:54,0.0,477.83203125,2229.29296875,2003.455078125,1348.79296875,61815,46454
2025-02-18 17:36:55,10.6,477.83203125,2229.29296875,2003.455078125,1348.79296875,61815,46454
2025-02-18 17:36:56,11.4,478.08984375,2229.29296875,2003.455078125,1349.0234375,61815,46465
2025-02-18 17:36:57,8.3,478.08984375,2229.29296875,2003.455078125,1349.0234375,61815,46465
2025-02-18 17:36:58,8.3,478.08984375,2229.29296875,2003.455078125,1349.0234375,61815,46465
2025-02-18 17:36:59,5.0,478.08984375,2229.29296875,2003.455078125,1349.0234375,61815,46465
2025-02-18 17:37:00,0.0,478.08984375,2229.29296875,2003.455078125,1349.0234375,61815,46465
2025-02-18 17:37:02,0.8,478.08984375,2229.29296875,2003.455078125,1349.13671875,61815,46467
2025-02-18 17:37:03,0.0,478.08984375,2229.29296875,2003.455078125,1349.13671875,61815,46467
2025-02-18 17:37:04,8.3,478.08984375,2229.29296875,2003.455078125,1349.140625,61815,46468
2025-02-18 17:37:05,9.8,478.08984375,2229.29296875,2003.455078125,1349.140625,61815,46468
2025-02-18 17:37:06,9.1,478.08984375,2229.29296875,2003.455078125,1349.140625,61815,46468
2025-02-18 17:37:07,8.3,478.08984375,2229.29296875,2003.455078125,1349.23828125,61815,46470
2025-02-18 17:37:08,0.0,478.08984375,2229.29296875,2003.455078125,1349.23828125,61815,46470
2025-02-18 17:37:09,8.1,478.08984375,2229.29296875,2003.455078125,1349.23828125,61815,46470
2025-02-18 17:37:10,10.6,478.08984375,2229.29296875,2003.455078125,1349.2421875,61815,46471
2025-02-18 17:37:11,10.6,478.08984375,2229.29296875,2003.455078125,1349.3359375,61815,46473
2025-02-18 17:37:13,9.1,478.08984375,2229.29296875,2003.455078125,1349.3359375,61815,46473
2025-02-18 17:37:14,17.6,478.08984375,2229.29296875,2003.455078125,1349.3359375,61815,46473
2025-02-18 17:37:15,0.0,478.08984375,2229.29296875,2003.455078125,1349.3359375,61815,46473
2025-02-18 17:37:16,2.4,478.08984375,2229.29296875,2003.455078125,1349.3359375,61815,46473
2025-02-18 17:37:17,0.0,478.08984375,2229.29296875,2003.455078125,1349.4375,61815,46479
2025-02-18 17:37:18,0.8,478.34765625,2229.29296875,2003.455078125,1349.4765625,61815,46489
2025-02-18 17:37:19,20.3,478.34765625,2229.29296875,2003.455078125,1349.49609375,61815,46494
2025-02-18 17:37:20,9.2,478.60546875,2229.29296875,2003.455078125,1349.515625,61815,46499
2025-02-18 17:37:21,8.3,478.60546875,2229.29296875,2003.455078125,1349.65625,61815,46506
2025-02-18 17:37:23,9.2,478.60546875,2229.29296875,2003.455078125,1349.67578125,61815,46511
2025-02-18 17:37:24,0.0,478.60546875,2229.29296875,2003.455078125,1349.796875,61815,46541
2025-02-18 17:37:25,26.3,478.60546875,2229.29296875,2003.455078125,1349.796875,61815,46541
2025-02-18 17:37:26,0.8,478.60546875,2229.29296875,2003.455078125,1349.796875,61815,46541
2025-02-18 17:37:27,8.3,478.60546875,2229.29296875,2003.455078125,1349.9140625,61815,46544
2025-02-18 17:37:28,9.8,478.60546875,2229.29296875,2003.455078125,1349.9140625,61815,46544
2025-02-18 17:37:29,10.6,478.60546875,2229.29296875,2003.455078125,1349.9140625,61815,46544
2025-02-18 17:37:30,9.2,478.60546875,2229.29296875,2003.455078125,1349.9140625,61815,46544
2025-02-18 17:37:31,0.0,478.60546875,2229.29296875,2003.455078125,1350.05078125,61815,46546
2025-02-18 17:37:32,5.8,478.60546875,2229.29296875,2003.455078125,1350.05078125,61815,46546
2025-02-18 17:37:34,10.1,478.60546875,2229.29296875,2003.455078125,1350.0546875,61815,46547
2025-02-18 17:37:35,8.3,478.60546875,2229.29296875,2003.455078125,1350.0546875,61815,46547
2025-02-18 17:37:36,14.1,478.60546875,2229.29296875,2003.455078125,1350.0546875,61815,46547
2025-02-18 17:37:37,8.3,478.60546875,2229.29296875,2003.455078125,1350.16015625,61815,46549
2025-02-18 17:37:38,0.0,478.60546875,2229.29296875,2003.455078125,1350.16015625,61815,46549
2025-02-18 17:37:39,0.8,478.60546875,2229.29296875,2003.455078125,1350.16015625,61815,46549
2025-02-18 17:37:40,2.5,478.60546875,2229.29296875,2003.455078125,1350.16015625,61815,46549
2025-02-18 17:37:41,8.3,478.60546875,2229.29296875,2003.455078125,1350.25390625,61815,46552
2025-02-18 17:37:42,14.7,478.60546875,2229.29296875,2003.455078125,1350.25390625,61815,46552
2025-02-18 17:37:43,9.8,478.60546875,2229.29296875,2003.455078125,1350.25390625,61815,46552
2025-02-18 17:37:45,8.3,478.60546875,2229.29296875,2003.455078125,1350.25390625,61815,46552
2025-02-18 17:37:46,0.8,478.60546875,2229.29296875,2003.455078125,1350.25390625,61815,46552
2025-02-18 17:37:47,0.0,478.60546875,2229.29296875,2003.455078125,1350.34765625,61815,46554
2025-02-18 17:37:48,8.3,478.60546875,2229.29296875,2003.455078125,1350.3515625,61815,46555
2025-02-18 17:37:49,11.3,478.60546875,2229.29296875,2003.455078125,1350.3515625,61815,46555
2025-02-18 17:37:50,8.3,478.60546875,2229.29296875,2003.455078125,1350.3515625,61815,46555
2025-02-18 17:37:51,13.1,478.60546875,2229.29296875,2003.455078125,1350.51171875,61815,46561
2025-02-18 17:37:52,0.8,478.60546875,2229.29296875,2003.455078125,1350.51953125,61815,46563
2025-02-18 17:37:53,12.2,478.60546875,2229.29296875,2003.455078125,1350.5234375,61815,46564
2025-02-18 17:37:54,0.8,478.60546875,2229.29296875,2003.455078125,1350.53125,61815,46566
2025-02-18 17:37:56,11.4,478.60546875,2229.29296875,2003.455078125,1350.53515625,61815,46567
2025-02-18 17:37:57,12.0,478.86328125,2229.29296875,2003.455078125,1350.66796875,61815,46570
2025-02-18 17:37:58,8.3,478.86328125,2229.29296875,2003.455078125,1350.671875,61815,46571
2025-02-18 17:37:59,8.8,478.86328125,2229.29296875,2003.455078125,1350.7578125,61815,46590
2025-02-18 17:38:00,0.8,478.86328125,2229.29296875,2003.455078125,1350.76171875,61815,46591
2025-02-18 17:38:01,0.0,478.86328125,2229.29296875,2003.455078125,1350.890625,61815,46594
2025-02-18 17:38:02,9.1,478.86328125,2229.29296875,2003.455078125,1350.8984375,61815,46596
2025-02-18 17:38:03,13.4,478.86328125,2229.29296875,2003.455078125,1350.90234375,61815,46597
2025-02-18 17:38:04,8.3,478.86328125,2229.29296875,2003.455078125,1350.91015625,61815,46599
2025-02-18 17:38:06,9.9,478.86328125,2229.29296875,2003.455078125,1350.9140625,61815,46600
2025-02-18 17:38:07,1.6,478.86328125,2229.29296875,2003.455078125,1351.0546875,61815,46603
2025-02-18 17:38:08,0.0,478.86328125,2229.29296875,2003.455078125,1351.05859375,61815,46604
2025-02-18 17:38:09,2.4,478.86328125,2229.29296875,2003.455078125,1351.06640625,61815,46606
2025-02-18 17:38:10,10.3,478.86328125,2229.29296875,2003.455078125,1351.0703125,61815,46607
2025-02-18 17:38:11,8.3,478.86328125,2229.29296875,2003.455078125,1351.07421875,61815,46608
2025-02-18 17:38:12,9.8,478.86328125,2229.29296875,2003.455078125,1351.203125,61815,46611
2025-02-18 17:38:13,4.2,478.86328125,2229.29296875,2003.455078125,1351.20703125,61815,46612
2025-02-18 17:38:14,0.0,478.86328125,2229.29296875,2003.455078125,1351.2109375,61815,46613
2025-02-18 17:38:15,0.8,478.86328125,2229.29296875,2003.455078125,1351.21484375,61815,46614
2025-02-18 17:38:17,35.7,478.86328125,2229.29296875,2003.455078125,1351.3515625,61815,46619
2025-02-18 17:38:18,16.8,478.86328125,2229.29296875,2003.455078125,1351.35546875,61815,46620
2025-02-18 17:38:19,22.0,478.86328125,2229.29296875,2003.455078125,1351.359375,61815,46621
2025-02-18 17:38:20,18.7,478.86328125,2229.29296875,2003.455078125,1351.36328125,61815,46622
2025-02-18 17:38:21,21.3,478.86328125,2229.29296875,2003.455078125,1351.3671875,61815,46623
2025-02-18 17:38:22,0.0,478.86328125,2229.29296875,2003.455078125,1351.5,61815,46626
2025-02-18 17:38:23,0.0,478.86328125,2229.29296875,2003.455078125,1351.50390625,61815,46627
2025-02-18 17:38:24,16.9,478.86328125,2229.29296875,2003.455078125,1351.5078125,61815,46628
2025-02-18 17:38:25,23.1,478.86328125,2229.29296875,2003.455078125,1351.515625,61815,46630
2025-02-18 17:38:26,63.2,478.86328125,2229.29296875,2003.455078125,1351.51953125,61815,46631
2025-02-18 17:38:28,18.7,478.86328125,2229.29296875,2003.455078125,1351.65234375,61815,46634
2025-02-18 17:38:29,20.8,478.86328125,2229.29296875,2003.455078125,1351.6640625,61815,46637
2025-02-18 17:38:30,44.0,478.86328125,2229.29296875,2003.455078125,1351.66796875,61815,46638
2025-02-18 17:38:31,9.1,478.86328125,2229.29296875,2003.455078125,1351.671875,61815,46639
2025-02-18 17:38:32,8.4,478.86328125,2229.29296875,2003.455078125,1351.79296875,61815,46642
2025-02-18 17:38:33,15.8,478.86328125,2229.29296875,2003.455078125,1351.796875,61815,46643
2025-02-18 17:38:34,0.8,478.86328125,2229.29296875,2003.455078125,1351.91015625,61815,46670
2025-02-18 17:38:35,11.5,478.86328125,2229.29296875,2003.455078125,1351.91796875,61815,46672
2025-02-18 17:38:36,8.4,478.86328125,2229.29296875,2003.455078125,1351.921875,61815,46673
2025-02-18 17:38:37,8.3,478.86328125,2229.29296875,2003.455078125,1352.05078125,61815,46676
2025-02-18 17:38:39,3.4,478.86328125,2229.29296875,2003.455078125,1352.0546875,61815,46677
2025-02-18 17:38:40,0.0,478.86328125,2229.29296875,2003.455078125,1352.05859375,61815,46678
2025-02-18 17:38:41,4.9,478.86328125,2229.29296875,2003.455078125,1352.06640625,61815,46680
2025-02-18 17:38:42,8.4,478.86328125,2229.29296875,2003.455078125,1352.19140625,61815,46684
2025-02-18 17:38:43,8.3,478.86328125,2229.29296875,2003.455078125,1352.1953125,61815,46685
2025-02-18 17:38:44,10.6,478.86328125,2229.29296875,2003.455078125,1352.19921875,61815,46686
2025-02-18 17:38:45,8.3,478.86328125,2229.29296875,2003.455078125,1352.203125,61815,46687
2025-02-18 17:38:46,0.0,478.86328125,2229.29296875,2003.455078125,1352.20703125,61815,46688
2025-02-18 17:38:47,0.0,478.86328125,2229.29296875,2003.455078125,1352.33984375,61815,46691
2025-02-18 17:38:48,2.4,478.86328125,2229.29296875,2003.455078125,1352.34375,61815,46692
2025-02-18 17:38:50,3.3,478.86328125,2229.29296875,2003.455078125,1352.3515625,61815,46694
2025-02-18 17:38:51,10.5,478.86328125,2229.29296875,2003.455078125,1352.35546875,61815,46695
2025-02-18 17:38:52,10.6,478.86328125,2229.29296875,2003.455078125,1352.5,61815,46698
2025-02-18 17:38:53,11.4,478.86328125,2229.29296875,2003.455078125,1352.5078125,61815,46700
2025-02-18 17:38:54,8.4,478.86328125,2229.29296875,2003.455078125,1352.51171875,61815,46701
2025-02-18 17:38:55,2.5,478.86328125,2229.29296875,2003.455078125,1352.515625,61815,46702
2025-02-18 17:38:56,0.0,478.86328125,2229.29296875,2003.455078125,1352.51953125,61815,46703
2025-02-18 17:38:57,0.8,478.86328125,2229.29296875,2003.455078125,1352.6484375,61815,46706
2025-02-18 17:38:58,11.2,478.86328125,2229.29296875,2003.455078125,1352.65234375,61815,46707
2025-02-18 17:39:00,9.1,478.86328125,2229.29296875,2003.455078125,1352.66796875,61815,46711
2025-02-18 17:39:01,9.1,478.86328125,2229.29296875,2003.455078125,1352.84765625,61815,46715
2025-02-18 17:39:02,8.3,478.86328125,2229.29296875,2003.455078125,1352.8515625,61815,46716
2025-02-18 17:39:03,9.8,478.86328125,2229.29296875,2003.455078125,1352.85546875,61815,46717
2025-02-18 17:39:04,5.6,478.86328125,2229.29296875,2003.455078125,1352.8671875,61815,46719
2025-02-18 17:39:05,0.8,478.86328125,2229.29296875,2003.455078125,1353.046875,61815,46723
2025-02-18 17:39:06,0.0,478.86328125,2229.29296875,2003.455078125,1353.05078125,61815,46724
2025-02-18 17:39:07,0.8,478.86328125,2229.29296875,2003.455078125,1353.0546875,61815,46725
2025-02-18 17:39:08,0.0,478.86328125,2229.29296875,2003.455078125,1353.05859375,61815,46726
2025-02-18 17:39:09,9.8,478.86328125,2229.29296875,2003.455078125,1353.171875,61815,46755
2025-02-18 17:39:11,8.3,478.86328125,2229.29296875,2003.455078125,1353.30859375,61815,46758
2025-02-18 17:39:12,10.7,478.86328125,2229.29296875,2003.455078125,1353.3125,61815,46759
2025-02-18 17:39:13,5.8,478.86328125,2229.29296875,2003.455078125,1353.31640625,61815,46760
2025-02-18 17:39:14,0.8,478.86328125,2229.29296875,2003.455078125,1353.3203125,61815,46761
2025-02-18 17:39:15,0.0,478.86328125,2229.29296875,2003.455078125,1353.44921875,61815,46764
2025-02-18 17:39:16,13.0,478.86328125,2229.29296875,2003.455078125,1353.453125,61815,46765
2025-02-18 17:39:17,25.2,478.86328125,2229.29296875,2003.455078125,1353.46484375,61815,46768
2025-02-18 17:39:18,32.2,478.86328125,2229.29296875,2003.455078125,1353.46875,61815,46769
2025-02-18 17:39:19,8.3,478.86328125,2229.29296875,2003.455078125,1353.71484375,61815,46777
2025-02-18 17:39:20,11.8,478.86328125,2229.29296875,2003.455078125,1353.71875,61815,46778
2025-02-18 17:39:22,5.7,478.86328125,2229.29296875,2003.455078125,1353.72265625,61815,46779
2025-02-18 17:39:23,0.0,478.86328125,2229.29296875,2003.455078125,1353.7265625,61815,46780
2025-02-18 17:39:24,7.9,478.86328125,2229.29296875,2003.455078125,1353.953125,61815,46788
2025-02-18 17:39:25,8.4,478.86328125,2229.29296875,2003.455078125,1353.9609375,61815,46790
2025-02-18 17:39:26,9.8,478.86328125,2229.29296875,2003.455078125,1353.96484375,61815,46791
2025-02-18 17:39:27,27.3,478.86328125,2229.29296875,2003.455078125,1353.96875,61815,46792
2025-02-18 17:39:28,69.0,478.86328125,2229.29296875,2003.455078125,1353.9765625,61815,46794
2025-02-18 17:39:29,7.6,478.86328125,2229.29296875,2003.455078125,1354.12109375,61815,46797
2025-02-18 17:39:30,1.7,478.86328125,2229.29296875,2003.455078125,1354.22265625,61815,46801
2025-02-18 17:39:31,1.6,478.86328125,2229.29296875,2003.455078125,1354.2890625,61815,46806
2025-02-18 17:39:33,0.8,478.86328125,2229.29296875,2003.455078125,1354.29296875,61815,46807
2025-02-18 17:39:34,23.0,478.86328125,2229.29296875,2003.455078125,1354.30078125,61815,46809
2025-02-18 17:39:35,42.9,478.86328125,2229.29296875,2003.455078125,1354.5625,61815,46849
2025-02-18 17:39:36,23.2,478.86328125,2229.29296875,2003.455078125,1354.56640625,61815,46850
2025-02-18 17:39:37,18.0,478.86328125,2229.29296875,2003.455078125,1354.71484375,61815,46853
2025-02-18 17:39:38,18.3,478.86328125,2229.29296875,2003.455078125,1354.91796875,61815,46861
2025-02-18 17:39:39,0.8,478.86328125,2229.29296875,2003.455078125,1354.9296875,61815,46863
2025-02-18 17:39:40,0.0,478.86328125,2229.29296875,2003.455078125,1354.9375,61815,46865
2025-02-18 17:39:41,0.0,478.86328125,2229.29296875,2003.455078125,1354.94140625,61815,46866
2025-02-18 17:39:43,9.8,478.86328125,2229.29296875,2003.455078125,1354.94921875,61815,46868
2025-02-18 17:39:44,8.3,478.86328125,2229.29296875,2003.455078125,1355.09765625,61815,46871
2025-02-18 17:39:45,10.5,478.86328125,2229.29296875,2003.455078125,1355.2578125,61815,46909
2025-02-18 17:39:46,9.9,478.86328125,2229.29296875,2003.455078125,1355.26171875,61815,46910
2025-02-18 17:39:47,1.6,478.86328125,2229.29296875,2003.455078125,1355.48046875,61815,46918
2025-02-18 17:39:48,2.5,478.86328125,2229.29296875,2003.455078125,1355.515625,61815,46927
2025-02-18 17:39:49,3.3,479.37890625,2229.29296875,2003.455078125,1355.53125,61815,46931
2025-02-18 17:39:50,9.1,479.37890625,2229.29296875,2003.455078125,1355.53515625,61815,46932
2025-02-18 17:39:51,14.6,479.37890625,2229.29296875,2003.455078125,1355.66796875,61815,46934
2025-02-18 17:39:52,8.4,479.37890625,2229.29296875,2003.455078125,1355.66796875,61815,46934
2025-02-18 17:39:54,8.3,479.37890625,2229.29296875,2003.455078125,1355.66796875,61815,46934
2025-02-18 17:39:55,5.0,479.37890625,2229.29296875,2003.455078125,1355.66796875,61815,46934
2025-02-18 17:39:56,0.0,479.37890625,2229.29296875,2003.455078125,1355.66796875,61815,46934
2025-02-18 17:39:57,0.0,479.37890625,2229.29296875,2003.455078125,1355.8984375,61815,46943
2025-02-18 17:39:58,9.8,479.37890625,2229.29296875,2003.455078125,1355.91796875,61815,46948
2025-02-18 17:39:59,13.4,479.37890625,2229.29296875,2003.455078125,1355.91796875,61815,46948
2025-02-18 17:40:00,8.3,479.63671875,2229.29296875,2003.455078125,1356.24609375,61815,46974
2025-02-18 17:40:01,24.0,479.63671875,2229.29296875,2003.455078125,1356.24609375,61815,46974
2025-02-18 17:40:02,0.0,479.63671875,2229.29296875,2003.455078125,1356.5234375,61815,46985
2025-02-18 17:40:03,0.0,479.63671875,2229.29296875,2003.455078125,1356.5234375,61815,46985
2025-02-18 17:40:05,9.0,479.63671875,2229.29296875,2003.455078125,1356.52734375,61815,46986
2025-02-18 17:40:06,29.0,479.89453125,2229.29296875,2003.455078125,1356.75390625,61815,46995
2025-02-18 17:40:07,8.3,479.89453125,2229.29296875,2003.455078125,1356.76171875,61815,46997
2025-02-18 17:40:08,55.7,479.89453125,2229.29296875,2003.455078125,1356.76171875,61815,46997
2025-02-18 17:40:09,0.8,479.89453125,2229.29296875,2003.455078125,1356.76171875,61815,46997
2025-02-18 17:40:10,0.8,479.89453125,2229.29296875,2003.455078125,1356.85546875,61815,47017
2025-02-18 17:40:11,0.0,479.89453125,2229.29296875,2003.455078125,1356.85546875,61815,47017
2025-02-18 17:40:12,9.8,479.89453125,2229.29296875,2003.455078125,1356.9765625,61815,47020
2025-02-18 17:40:13,8.3,479.89453125,2229.29296875,2003.455078125,1356.9765625,61815,47020
2025-02-18 17:40:14,9.1,479.89453125,2229.29296875,2003.455078125,1356.9765625,61815,47020
2025-02-18 17:40:16,11.3,479.89453125,2229.29296875,2003.455078125,1356.9765625,61815,47020
2025-02-18 17:40:17,0.0,479.89453125,2229.29296875,2003.455078125,1357.1015625,61815,47022
2025-02-18 17:40:18,1.7,479.89453125,2229.29296875,2003.455078125,1357.1015625,61815,47022
2025-02-18 17:40:19,9.8,479.89453125,2229.29296875,2003.455078125,1357.10546875,61815,47023
2025-02-18 17:40:20,10.6,479.89453125,2229.29296875,2003.455078125,1357.10546875,61815,47023
2025-02-18 17:40:21,8.3,479.89453125,2229.29296875,2003.455078125,1357.14453125,61815,47033
2025-02-18 17:40:22,13.8,479.89453125,2229.29296875,2003.455078125,1357.25,61815,47035
2025-02-18 17:40:23,1.6,479.89453125,2229.29296875,2003.455078125,1357.25,61815,47035
2025-02-18 17:40:24,0.0,479.89453125,2229.29296875,2003.455078125,1357.25,61815,47035
2025-02-18 17:40:26,9.1,479.89453125,2229.29296875,2003.455078125,1357.25390625,61815,47036
2025-02-18 17:40:27,11.9,479.89453125,2229.29296875,2003.455078125,1357.37109375,61815,47045
2025-02-18 17:40:28,9.8,479.89453125,2229.29296875,2003.455078125,1357.37109375,61815,47045
2025-02-18 17:40:29,8.3,479.89453125,2229.29296875,2003.455078125,1357.37109375,61815,47045
2025-02-18 17:40:30,0.0,479.89453125,2229.29296875,2003.455078125,1357.37109375,61815,47045
2025-02-18 17:40:31,0.0,479.89453125,2229.29296875,2003.455078125,1357.37109375,61815,47045
2025-02-18 17:40:32,7.4,479.89453125,2229.29296875,2003.455078125,1357.59375,61815,47073
2025-02-18 17:40:33,9.1,479.89453125,2229.29296875,2003.455078125,1357.59375,61815,47073
2025-02-18 17:40:34,8.3,479.89453125,2229.29296875,2003.455078125,1357.59375,61815,47073
2025-02-18 17:40:35,9.1,479.89453125,2229.29296875,2003.455078125,1357.59375,61815,47073
2025-02-18 17:40:37,1.7,479.89453125,2229.29296875,2003.455078125,1357.71484375,61815,47075
2025-02-18 17:40:38,1.6,479.89453125,2229.29296875,2003.455078125,1357.81640625,61815,47096
2025-02-18 17:40:39,0.8,479.89453125,2229.29296875,2003.455078125,1357.81640625,61815,47096
2025-02-18 17:40:40,8.3,479.89453125,2229.29296875,2003.455078125,1357.8203125,61815,47097
2025-02-18 17:40:41,8.3,479.89453125,2229.29296875,2003.455078125,1357.8203125,61815,47097
2025-02-18 17:40:42,8.3,479.89453125,2229.29296875,2003.455078125,1357.94140625,61815,47103
2025-02-18 17:40:43,8.3,479.89453125,2229.29296875,2003.455078125,1358.00390625,61815,47116
2025-02-18 17:40:44,0.0,479.89453125,2229.29296875,2003.455078125,1358.00390625,61815,47116
2025-02-18 17:40:45,0.8,479.89453125,2229.29296875,2003.455078125,1358.00390625,61815,47116
2025-02-18 17:40:46,9.8,479.89453125,2229.29296875,2003.455078125,1358.125,61815,47119
2025-02-18 17:40:48,9.0,479.89453125,2229.29296875,2003.455078125,1358.16796875,61815,47130
2025-02-18 17:40:49,8.3,479.89453125,2229.29296875,2003.455078125,1358.16796875,61815,47130
2025-02-18 17:40:50,8.3,479.89453125,2229.29296875,2003.455078125,1358.16796875,61815,47130
2025-02-18 17:40:51,6.5,479.89453125,2229.29296875,2003.455078125,1358.16796875,61815,47130
2025-02-18 17:40:52,0.0,479.89453125,2229.29296875,2003.455078125,1358.26171875,61815,47132
2025-02-18 17:40:53,0.8,479.89453125,2229.29296875,2003.455078125,1358.265625,61815,47133
2025-02-18 17:40:54,8.3,479.89453125,2229.29296875,2003.455078125,1358.33203125,61815,47148
2025-02-18 17:40:55,11.3,479.89453125,2229.29296875,2003.455078125,1358.33203125,61815,47148
2025-02-18 17:40:56,8.3,479.89453125,2229.29296875,2003.455078125,1358.44921875,61815,47150
2025-02-18 17:40:57,0.0,479.89453125,2229.29296875,2003.455078125,1358.44921875,61815,47150
2025-02-18 17:40:59,0.0,479.89453125,2229.29296875,2003.455078125,1358.5390625,61815,47169
2025-02-18 17:41:00,0.0,479.89453125,2229.29296875,2003.455078125,1358.5390625,61815,47169
2025-02-18 17:41:01,4.2,479.89453125,2229.29296875,2003.455078125,1358.5390625,61815,47169
2025-02-18 17:41:02,10.8,479.89453125,2229.29296875,2003.455078125,1358.72265625,61815,47181
2025-02-18 17:41:03,89.4,480.15234375,2229.29296875,2003.455078125,1358.73828125,61815,47185
2025-02-18 17:41:04,8.3,480.15234375,2229.29296875,2003.455078125,1358.79296875,61815,47198
2025-02-18 17:41:05,17.6,480.15234375,2229.29296875,2003.455078125,1358.79296875,61815,47198
2025-02-18 17:41:06,0.0,480.15234375,2229.29296875,2003.455078125,1358.79296875,61815,47198
2025-02-18 17:41:07,0.0,480.15234375,2229.29296875,2003.455078125,1358.9140625,61815,47200
2025-02-18 17:41:09,0.0,480.15234375,2229.29296875,2003.455078125,1358.9140625,61815,47200
2025-02-18 17:41:10,0.0,480.15234375,2229.29296875,2003.455078125,1359.01953125,61815,47221
2025-02-18 17:41:11,0.0,480.15234375,2229.29296875,2003.455078125,1359.01953125,61815,47221
2025-02-18 17:41:12,8.3,480.15234375,2229.29296875,2003.455078125,1359.0234375,61815,47222
2025-02-18 17:41:13,9.1,480.15234375,2229.29296875,2003.455078125,1359.12109375,61815,47224
2025-02-18 17:41:14,13.4,480.15234375,2229.29296875,2003.455078125,1359.12109375,61815,47224
2025-02-18 17:41:15,8.3,480.15234375,2229.29296875,2003.455078125,1359.171875,61815,47237
2025-02-18 17:41:16,0.0,480.15234375,2229.29296875,2003.455078125,1359.171875,61815,47237
2025-02-18 17:41:17,0.0,480.15234375,2229.29296875,2003.455078125,1359.27734375,61815,47239
2025-02-18 17:41:18,11.3,480.15234375,2229.29296875,2003.455078125,1359.28125,61815,47240
2025-02-18 17:41:20,16.8,480.15234375,2229.29296875,2003.455078125,1359.28125,61815,47240
2025-02-18 17:41:21,9.0,480.15234375,2229.29296875,2003.455078125,1359.30078125,61815,47245
2025-02-18 17:41:22,8.4,480.15234375,2229.29296875,2003.455078125,1359.30078125,61815,47245
2025-02-18 17:41:23,0.0,480.15234375,2229.29296875,2003.455078125,1359.41796875,61815,47247
2025-02-18 17:41:24,0.0,480.15234375,2229.29296875,2003.455078125,1359.41796875,61815,47247
2025-02-18 17:41:25,0.0,480.15234375,2229.29296875,2003.455078125,1359.41796875,61815,47247
2025-02-18 17:41:26,12.4,480.41015625,2229.29296875,2003.455078125,1359.52734375,61815,47272
2025-02-18 17:41:27,12.0,480.41015625,2229.29296875,2003.455078125,1359.53515625,61815,47274
2025-02-18 17:41:28,10.7,480.41015625,2229.29296875,2003.455078125,1359.66015625,61815,47277
2025-02-18 17:41:29,10.6,480.41015625,2229.29296875,2003.455078125,1359.6640625,61815,47278
2025-02-18 17:41:31,0.0,480.41015625,2229.29296875,2003.455078125,1359.66796875,61815,47279
2025-02-18 17:41:32,0.0,480.41015625,2229.29296875,2003.455078125,1359.671875,61815,47280
2025-02-18 17:41:33,0.0,480.41015625,2229.29296875,2003.455078125,1359.78515625,61815,47283
2025-02-18 17:41:34,2.5,480.66796875,2229.29296875,2003.455078125,1359.8046875,61815,47288
2025-02-18 17:41:35,9.2,480.66796875,2229.29296875,2003.455078125,1359.8125,61815,47290
2025-02-18 17:41:36,10.6,480.66796875,2229.29296875,2003.455078125,1359.81640625,61815,47291
2025-02-18 17:41:37,12.0,480.66796875,2229.29296875,2003.455078125,1359.82421875,61815,47293
2025-02-18 17:41:38,11.4,480.66796875,2229.29296875,2003.455078125,1359.95703125,61815,47296
2025-02-18 17:41:39,0.8,480.66796875,2229.29296875,2003.455078125,1359.9609375,61815,47297
2025-02-18 17:41:40,12.9,480.66796875,2229.29296875,2003.455078125,1359.96484375,61815,47298
2025-02-18 17:41:42,0.0,480.66796875,2229.29296875,2003.455078125,1359.96875,61815,47299
2025-02-18 17:41:43,0.0,480.66796875,2229.29296875,2003.455078125,1360.06640625,61815,47307
2025-02-18 17:41:44,75.9,480.66796875,2229.29296875,2003.455078125,1360.0703125,61815,47308
2025-02-18 17:41:45,9.8,480.66796875,2229.29296875,2003.455078125,1360.07421875,61815,47309
2025-02-18 17:41:46,94.8,480.66796875,2229.29296875,2003.455078125,1360.078125,61815,47310
2025-02-18 17:41:47,0.8,480.66796875,2229.29296875,2003.455078125,1360.08203125,61815,47311
2025-02-18 17:41:48,0.8,480.66796875,2229.29296875,2003.455078125,1360.2265625,61815,47314
2025-02-18 17:41:49,0.8,480.66796875,2229.29296875,2003.455078125,1360.23046875,61815,47315
2025-02-18 17:41:50,16.0,480.66796875,2229.29296875,2003.455078125,1360.2421875,61815,47318
2025-02-18 17:41:51,14.2,480.66796875,2229.29296875,2003.455078125,1360.24609375,61815,47319
2025-02-18 17:41:53,10.6,480.66796875,2229.29296875,2003.455078125,1360.3828125,61815,47322
2025-02-18 17:41:54,0.0,480.66796875,2229.29296875,2003.455078125,1360.38671875,61815,47323
2025-02-18 17:41:55,2.4,480.66796875,2229.29296875,2003.455078125,1360.390625,61815,47324
2025-02-18 17:41:56,6.6,480.66796875,2229.29296875,2003.455078125,1360.39453125,61815,47325
2025-02-18 17:41:57,5.0,480.66796875,2229.29296875,2003.455078125,1360.3984375,61815,47326
2025-02-18 17:41:58,8.4,480.66796875,2229.29296875,2003.455078125,1360.5234375,61815,47330
2025-02-18 17:41:59,13.4,480.66796875,2229.29296875,2003.455078125,1360.52734375,61815,47331
2025-02-18 17:42:00,8.3,480.66796875,2229.29296875,2003.455078125,1360.53125,61815,47332
2025-02-18 17:42:01,14.8,480.66796875,2229.29296875,2003.455078125,1360.58203125,61815,47345
2025-02-18 17:42:03,0.0,480.66796875,2229.29296875,2003.455078125,1360.73046875,61815,47349
2025-02-18 17:42:04,0.0,480.66796875,2229.29296875,2003.455078125,1360.734375,61815,47350
2025-02-18 17:42:05,11.7,480.66796875,2229.29296875,2003.455078125,1360.73828125,61815,47351
2025-02-18 17:42:06,0.8,480.66796875,2229.29296875,2003.455078125,1360.7421875,61815,47352
2025-02-18 17:42:07,10.6,480.66796875,2229.29296875,2003.455078125,1360.75,61815,47354
2025-02-18 17:42:08,9.1,480.66796875,2229.29296875,2003.455078125,1360.875,61815,47357
2025-02-18 17:42:09,10.5,480.66796875,2229.29296875,2003.455078125,1360.87890625,61815,47358
2025-02-18 17:42:10,0.0,480.66796875,2229.29296875,2003.455078125,1360.8828125,61815,47359
2025-02-18 17:42:11,0.0,480.66796875,2229.29296875,2003.455078125,1360.89453125,61815,47361
2025-02-18 17:42:12,0.0,480.66796875,2229.29296875,2003.455078125,1361.03515625,61815,47364
2025-02-18 17:42:14,8.4,480.66796875,2229.29296875,2003.455078125,1361.04296875,61815,47366
2025-02-18 17:42:15,13.5,480.66796875,2229.29296875,2003.455078125,1361.05078125,61815,47368
2025-02-18 17:42:16,14.1,480.66796875,2229.29296875,2003.455078125,1361.0546875,61815,47369
2025-02-18 17:42:17,0.0,480.66796875,2229.29296875,2003.455078125,1361.1015625,61815,47380
2025-02-18 17:42:18,0.8,480.66796875,2229.29296875,2003.455078125,1361.25,61815,47383
2025-02-18 17:42:19,5.0,480.66796875,2229.29296875,2003.455078125,1361.25390625,61815,47384
2025-02-18 17:42:20,8.3,480.66796875,2229.29296875,2003.455078125,1361.26171875,61815,47386
2025-02-18 17:42:21,15.4,480.66796875,2229.29296875,2003.455078125,1361.265625,61815,47387
2025-02-18 17:42:22,13.4,480.66796875,2229.29296875,2003.455078125,1361.4296875,61815,47394
2025-02-18 17:42:23,0.0,480.66796875,2229.29296875,2003.455078125,1361.43359375,61815,47395
2025-02-18 17:42:25,0.0,480.66796875,2229.29296875,2003.455078125,1361.4375,61815,47396
2025-02-18 17:42:26,0.0,480.66796875,2229.29296875,2003.455078125,1361.44140625,61815,47397
2025-02-18 17:42:27,12.0,480.66796875,2229.29296875,2003.455078125,1361.52734375,61815,47414
2025-02-18 17:42:28,8.4,480.66796875,2229.29296875,2003.455078125,1361.6484375,61815,47417
2025-02-18 17:42:29,8.3,480.66796875,2229.29296875,2003.455078125,1361.65234375,61815,47418
2025-02-18 17:42:30,9.1,480.66796875,2229.29296875,2003.455078125,1361.65625,61815,47419
2025-02-18 17:42:31,0.0,480.66796875,2229.29296875,2003.455078125,1361.66015625,61815,47420
2025-02-18 17:42:32,0.0,480.66796875,2229.29296875,2003.455078125,1361.6640625,61815,47421
2025-02-18 17:42:33,4.9,480.66796875,2229.29296875,2003.455078125,1361.80078125,61815,47424
2025-02-18 17:42:34,0.8,480.66796875,2229.29296875,2003.455078125,1361.8046875,61815,47425
2025-02-18 17:42:36,7.4,480.66796875,2229.29296875,2003.455078125,1361.8125,61815,47427
2025-02-18 17:42:37,10.5,480.66796875,2229.29296875,2003.455078125,1361.81640625,61815,47428
2025-02-18 17:42:38,8.3,480.66796875,2229.29296875,2003.455078125,1361.9609375,61815,47435
2025-02-18 17:42:39,10.7,480.66796875,2229.29296875,2003.455078125,1361.96875,61815,47437
2025-02-18 17:42:40,2.5,480.66796875,2229.29296875,2003.455078125,1361.97265625,61815,47438
2025-02-18 17:42:41,0.0,480.66796875,2229.29296875,2003.455078125,1361.9765625,61815,47439
2025-02-18 17:42:42,0.0,480.66796875,2229.29296875,2003.455078125,1361.98046875,61815,47440
2025-02-18 17:42:43,0.0,480.66796875,2229.29296875,2003.455078125,1362.1015625,61815,47443
2025-02-18 17:42:44,5.0,480.66796875,2229.29296875,2003.455078125,1362.109375,61815,47445
2025-02-18 17:42:45,9.1,480.66796875,2229.29296875,2003.455078125,1362.11328125,61815,47446
2025-02-18 17:42:47,8.3,480.66796875,2229.29296875,2003.455078125,1362.1171875,61815,47447
2025-02-18 17:42:48,17.5,480.66796875,2229.29296875,2003.455078125,1362.265625,61815,47450
2025-02-18 17:42:49,0.0,480.66796875,2229.29296875,2003.455078125,1362.26953125,61815,47451
2025-02-18 17:42:50,0.0,480.66796875,2229.29296875,2003.455078125,1362.2734375,61815,47452
2025-02-18 17:42:51,1.7,480.66796875,2229.29296875,2003.455078125,1362.28125,61815,47454
2025-02-18 17:42:52,37.3,480.66796875,2229.29296875,2003.455078125,1362.2890625,61815,47456
2025-02-18 17:42:53,13.5,480.66796875,2229.29296875,2003.455078125,1362.42578125,61815,47459
2025-02-18 17:42:54,87.1,480.66796875,2229.29296875,2003.455078125,1362.4296875,61815,47460
2025-02-18 17:42:55,0.8,480.66796875,2229.29296875,2003.455078125,1362.43359375,61815,47461
2025-02-18 17:42:57,0.0,480.66796875,2229.29296875,2003.455078125,1362.4375,61815,47462
2025-02-18 17:42:58,0.8,480.66796875,2229.29296875,2003.455078125,1362.5625,61815,47465
2025-02-18 17:42:59,8.3,480.66796875,2229.29296875,2003.455078125,1362.5703125,61815,47467
2025-02-18 17:43:00,8.3,480.66796875,2229.29296875,2003.455078125,1362.57421875,61815,47468
2025-02-18 17:43:01,8.3,480.66796875,2229.29296875,2003.455078125,1362.578125,61815,47469
2025-02-18 17:43:02,18.1,480.66796875,2229.29296875,2003.455078125,1362.58203125,61815,47470
2025-02-18 17:43:03,1.6,480.66796875,2229.29296875,2003.455078125,1362.7265625,61815,47473
2025-02-18 17:43:04,0.0,480.66796875,2229.29296875,2003.455078125,1362.734375,61815,47475
2025-02-18 17:43:05,9.1,480.66796875,2229.29296875,2003.455078125,1362.7421875,61815,47477
2025-02-18 17:43:06,9.8,480.66796875,2229.29296875,2003.455078125,1362.74609375,61815,47478
2025-02-18 17:43:08,8.3,480.66796875,2229.29296875,2003.455078125,1362.87109375,61815,47481
2025-02-18 17:43:09,8.3,480.66796875,2229.29296875,2003.455078125,1362.875,61815,47482
2025-02-18 17:43:10,0.0,480.66796875,2229.29296875,2003.455078125,1362.87890625,61815,47483
2025-02-18 17:43:11,2.4,480.66796875,2229.29296875,2003.455078125,1362.8828125,61815,47484
2025-02-18 17:43:12,0.8,480.66796875,2229.29296875,2003.455078125,1362.890625,61815,47486
2025-02-18 17:43:13,9.1,480.66796875,2229.29296875,2003.455078125,1363.0703125,61815,47503
2025-02-18 17:43:14,10.7,480.66796875,2229.29296875,2003.455078125,1363.07421875,61815,47504
2025-02-18 17:43:15,10.7,480.66796875,2229.29296875,2003.455078125,1363.078125,61815,47505
2025-02-18 17:43:16,14.5,480.66796875,2229.29296875,2003.455078125,1363.0859375,61815,47507
2025-02-18 17:43:17,2.5,480.66796875,2229.29296875,2003.455078125,1363.21484375,61815,47510
2025-02-18 17:43:19,0.0,480.66796875,2229.29296875,2003.455078125,1363.21875,61815,47511
2025-02-18 17:43:20,0.0,480.66796875,2229.29296875,2003.455078125,1363.22265625,61815,47512
2025-02-18 17:43:21,1.6,480.66796875,2229.29296875,2003.455078125,1363.2265625,61815,47513
2025-02-18 17:43:22,0.0,480.66796875,2229.29296875,2003.455078125,1363.23046875,61815,47514
2025-02-18 17:43:23,0.0,480.66796875,2229.29296875,2003.455078125,1363.296875,61815,47517
2025-02-18 17:43:24,9.8,480.66796875,2229.29296875,2003.455078125,1363.3046875,61815,47519
2025-02-18 17:43:25,13.4,480.66796875,2229.29296875,2003.455078125,1363.30859375,61815,47520
2025-02-18 17:43:26,8.4,480.66796875,2229.29296875,2003.455078125,1363.3125,61815,47521
2025-02-18 17:43:27,14.8,480.66796875,2229.29296875,2003.455078125,1363.453125,61815,47524
2025-02-18 17:43:28,0.0,480.66796875,2229.29296875,2003.455078125,1363.4609375,61815,47526
2025-02-18 17:43:30,1.7,480.66796875,2229.29296875,2003.455078125,1363.46484375,61815,47527
2025-02-18 17:43:31,0.8,480.66796875,2229.29296875,2003.455078125,1363.46875,61815,47528
2025-02-18 17:43:32,0.0,480.66796875,2229.29296875,2003.455078125,1363.47265625,61815,47529
2025-02-18 17:43:33,13.5,480.66796875,2229.29296875,2003.455078125,1363.60546875,61815,47533
2025-02-18 17:43:34,8.3,480.66796875,2229.29296875,2003.455078125,1363.609375,61815,47534
2025-02-18 17:43:35,12.8,480.66796875,2229.29296875,2003.455078125,1363.61328125,61815,47535
2025-02-18 17:43:36,1.7,480.66796875,2229.29296875,2003.455078125,1363.6171875,61815,47536
2025-02-18 17:43:37,0.8,480.66796875,2229.29296875,2003.455078125,1363.62109375,61815,47537
2025-02-18 17:43:38,0.0,480.66796875,2229.29296875,2003.455078125,1363.74609375,61815,47540
2025-02-18 17:43:39,0.0,480.66796875,2229.29296875,2003.455078125,1363.75,61815,47541
2025-02-18 17:43:41,0.0,480.66796875,2229.29296875,2003.455078125,1363.76171875,61815,47544
2025-02-18 17:43:42,35.5,480.66796875,2229.29296875,2003.455078125,1363.765625,61815,47545
2025-02-18 17:43:43,17.5,480.66796875,2229.29296875,2003.455078125,1363.89453125,61815,47548
2025-02-18 17:43:44,91.7,480.66796875,2229.29296875,2003.455078125,1363.8984375,61815,47549
2025-02-18 17:43:45,0.0,480.66796875,2229.29296875,2003.455078125,1363.90234375,61815,47550
2025-02-18 17:43:46,1.6,480.66796875,2229.29296875,2003.455078125,1363.90625,61815,47551
2025-02-18 17:43:47,2.5,480.66796875,2229.29296875,2003.455078125,1363.9140625,61815,47553
2025-02-18 17:43:48,12.1,480.66796875,2229.29296875,2003.455078125,1364.09765625,61815,47568
2025-02-18 17:43:49,19.7,480.66796875,2229.29296875,2003.455078125,1364.1015625,61815,47569
2025-02-18 17:43:51,9.1,480.66796875,2229.29296875,2003.455078125,1364.10546875,61815,47570
2025-02-18 17:43:52,0.8,480.66796875,2229.29296875,2003.455078125,1364.109375,61815,47571
2025-02-18 17:43:53,0.8,480.66796875,2229.29296875,2003.455078125,1364.26171875,61815,47575
2025-02-18 17:43:54,0.0,480.66796875,2229.29296875,2003.455078125,1364.265625,61815,47576
2025-02-18 17:43:55,0.0,480.66796875,2229.29296875,2003.455078125,1364.2734375,61815,47578
2025-02-18 17:43:56,45.7,480.66796875,2229.29296875,2003.455078125,1364.27734375,61815,47579
2025-02-18 17:43:57,12.0,480.66796875,2229.29296875,2003.455078125,1364.28125,61815,47580
2025-02-18 17:43:58,43.7,480.66796875,2229.29296875,2003.455078125,1364.41015625,61815,47583
2025-02-18 17:43:59,3.2,480.66796875,2229.29296875,2003.455078125,1364.4140625,61815,47584
2025-02-18 17:44:00,0.8,480.66796875,2229.29296875,2003.455078125,1364.5390625,61815,47589
2025-02-18 17:44:02,0.8,480.66796875,2229.29296875,2003.455078125,1364.546875,61815,47591
2025-02-18 17:44:03,10.6,480.66796875,2229.29296875,2003.455078125,1364.55078125,61815,47592
2025-02-18 17:44:04,10.6,480.66796875,2229.29296875,2003.455078125,1364.5546875,61815,47593
2025-02-18 17:44:05,11.3,480.66796875,2229.29296875,2003.455078125,1364.5625,61815,47595
2025-02-18 17:44:06,1.7,480.92578125,2229.29296875,2003.455078125,1364.703125,61815,47598
2025-02-18 17:44:07,0.0,480.92578125,2229.29296875,2003.455078125,1364.70703125,61815,47599
2025-02-18 17:44:08,0.8,480.92578125,2229.29296875,2003.455078125,1364.7109375,61815,47600
2025-02-18 17:44:09,8.3,480.92578125,2229.29296875,2003.455078125,1364.71875,61815,47602
2025-02-18 17:44:10,8.3,480.92578125,2229.29296875,2003.455078125,1364.84765625,61815,47605
2025-02-18 17:44:11,8.3,480.92578125,2229.29296875,2003.455078125,1364.8515625,61815,47606
2025-02-18 17:44:13,9.8,480.92578125,2229.29296875,2003.455078125,1364.85546875,61815,47607
2025-02-18 17:44:14,0.0,480.92578125,2229.29296875,2003.455078125,1364.859375,61815,47608
2025-02-18 17:44:15,0.8,480.92578125,2229.29296875,2003.455078125,1364.86328125,61815,47609
2025-02-18 17:44:16,6.6,480.92578125,2229.29296875,2003.455078125,1364.9921875,61815,47613
2025-02-18 17:44:17,1.7,480.92578125,2229.29296875,2003.455078125,1364.99609375,61815,47614
2025-02-18 17:44:18,8.3,480.92578125,2229.29296875,2003.455078125,1365.1171875,61815,47641
2025-02-18 17:44:19,9.8,480.92578125,2229.29296875,2003.455078125,1365.12109375,61815,47642
2025-02-18 17:44:20,11.3,480.92578125,2229.29296875,2003.455078125,1365.125,61815,47643
2025-02-18 17:44:21,9.1,480.92578125,2229.29296875,2003.455078125,1365.25,61815,47646
2025-02-18 17:44:22,0.0,480.92578125,2229.29296875,2003.455078125,1365.25390625,61815,47647
2025-02-18 17:44:24,0.0,480.92578125,2229.29296875,2003.455078125,1365.265625,61815,47649
2025-02-18 17:44:25,8.3,480.92578125,2229.29296875,2003.455078125,1365.2734375,61815,47651
2025-02-18 17:44:26,8.3,480.92578125,2229.29296875,2003.455078125,1365.40625,61815,47654
2025-02-18 17:44:27,9.8,480.92578125,2229.29296875,2003.455078125,1365.41015625,61815,47655
2025-02-18 17:44:28,9.1,480.92578125,2229.29296875,2003.455078125,1365.48828125,61815,47674
2025-02-18 17:44:29,2.5,480.92578125,2229.29296875,2003.455078125,1365.4921875,61815,47675
2025-02-18 17:44:30,2.5,480.92578125,2229.29296875,2003.455078125,1365.49609375,61815,47676
2025-02-18 17:44:31,0.0,480.92578125,2230.29296875,2003.455078125,1365.625,61815,47679
2025-02-18 17:44:32,10.6,480.92578125,2230.29296875,2003.455078125,1365.62890625,61815,47680
2025-02-18 17:44:33,0.8,480.92578125,2230.29296875,2003.455078125,1365.63671875,61815,47682
2025-02-18 17:44:35,11.3,480.92578125,2230.29296875,2003.455078125,1365.640625,61815,47683
2025-02-18 17:44:36,8.3,480.92578125,2230.29296875,2003.455078125,1365.76953125,61815,47686
2025-02-18 17:44:37,8.3,480.92578125,2230.29296875,2003.455078125,1365.7734375,61815,47687
2025-02-18 17:44:38,6.6,480.92578125,2230.29296875,2003.455078125,1365.77734375,61815,47688
2025-02-18 17:44:39,0.0,480.92578125,2230.29296875,2003.455078125,1365.78125,61815,47689
2025-02-18 17:44:40,0.8,480.92578125,2230.29296875,2003.455078125,1365.78515625,61815,47690
2025-02-18 17:44:41,11.3,480.92578125,2230.29296875,2003.455078125,1365.91015625,61815,47695
2025-02-18 17:44:42,13.5,480.92578125,2230.29296875,2003.455078125,1365.9140625,61815,47696
2025-02-18 17:44:43,8.3,480.92578125,2230.29296875,2003.455078125,1365.91796875,61815,47697
2025-02-18 17:44:45,8.3,480.92578125,2230.29296875,2003.455078125,1365.921875,61815,47698
2025-02-18 17:44:46,4.0,480.92578125,2230.29296875,2003.455078125,1366.06640625,61815,47701
2025-02-18 17:44:47,0.0,480.92578125,2230.29296875,2003.455078125,1366.0703125,61815,47702
2025-02-18 17:44:48,0.8,480.92578125,2230.29296875,2003.455078125,1366.07421875,61815,47703
2025-02-18 17:44:49,8.3,480.92578125,2230.29296875,2003.455078125,1366.08203125,61815,47705
2025-02-18 17:44:50,8.3,480.92578125,2230.29296875,2003.455078125,1366.0859375,61815,47706
2025-02-18 17:44:51,12.1,480.92578125,2230.29296875,2003.455078125,1366.21875,61815,47709
2025-02-18 17:44:52,9.9,480.92578125,2230.29296875,2003.455078125,1366.22265625,61815,47710
2025-02-18 17:44:53,0.0,480.92578125,2230.29296875,2003.455078125,1366.23046875,61815,47712
2025-02-18 17:44:54,0.0,480.92578125,2230.29296875,2003.455078125,1366.234375,61815,47713
2025-02-18 17:44:56,0.0,480.92578125,2230.29296875,2003.455078125,1366.35546875,61815,47716
2025-02-18 17:44:57,0.8,480.92578125,2230.29296875,2003.455078125,1366.36328125,61815,47718
2025-02-18 17:44:58,9.9,480.92578125,2230.29296875,2003.455078125,1366.3828125,61815,47723
2025-02-18 17:44:59,10.6,480.92578125,2230.29296875,2003.455078125,1366.38671875,61815,47724
2025-02-18 17:45:00,9.1,480.92578125,2230.29296875,2003.455078125,1366.390625,61815,47725
2025-02-18 17:45:01,9.2,480.92578125,2230.29296875,2003.455078125,1366.55078125,61815,47728
2025-02-18 17:45:02,0.8,480.92578125,2230.29296875,2003.455078125,1366.5546875,61815,47729
2025-02-18 17:45:03,0.0,480.92578125,2230.29296875,2003.455078125,1366.67578125,61815,47755
2025-02-18 17:45:04,0.0,480.92578125,2230.29296875,2003.455078125,1366.6796875,61815,47756
2025-02-18 17:45:05,0.8,480.92578125,2230.29296875,2003.455078125,1366.74609375,61815,47759
2025-02-18 17:45:07,10.7,480.92578125,2230.29296875,2003.455078125,1366.7578125,61815,47762
2025-02-18 17:45:08,8.3,480.92578125,2230.29296875,2003.455078125,1366.76171875,61815,47763
2025-02-18 17:45:09,9.9,480.92578125,2230.29296875,2003.455078125,1366.765625,61815,47764
2025-02-18 17:45:10,9.8,480.92578125,2230.29296875,2003.455078125,1366.76953125,61815,47765
2025-02-18 17:45:11,2.4,480.92578125,2230.29296875,2003.455078125,1366.91796875,61815,47768
2025-02-18 17:45:12,0.0,480.92578125,2230.29296875,2003.455078125,1366.921875,61815,47769
2025-02-18 17:45:13,0.0,480.92578125,2230.29296875,2003.455078125,1367.01171875,61815,47787
2025-02-18 17:45:14,0.0,480.92578125,2230.29296875,2003.455078125,1367.015625,61815,47788
2025-02-18 17:45:15,15.3,480.92578125,2230.29296875,2003.455078125,1367.15234375,61815,47792
2025-02-18 17:45:16,9.1,480.92578125,2230.29296875,2003.455078125,1367.15625,61815,47793
2025-02-18 17:45:18,9.8,480.92578125,2230.29296875,2003.455078125,1367.16015625,61815,47794
2025-02-18 17:45:19,8.4,481.1796875,2230.29296875,2003.455078125,1367.20703125,61815,47805
2025-02-18 17:45:20,0.8,481.1796875,2230.29296875,2003.455078125,1367.2109375,61815,47806
2025-02-18 17:45:21,4.0,481.1796875,2230.29296875,2003.455078125,1367.4765625,61815,47820
2025-02-18 17:45:22,0.0,481.1796875,2230.29296875,2003.455078125,1367.48828125,61815,47823
2025-02-18 17:45:23,9.1,481.1796875,2230.29296875,2003.455078125,1367.4921875,61815,47824
2025-02-18 17:45:24,8.3,481.1796875,2230.29296875,2003.455078125,1367.49609375,61815,47825
2025-02-18 17:45:25,8.4,481.1796875,2230.29296875,2003.455078125,1367.5,61815,47826
2025-02-18 17:45:26,0.0,481.1796875,2230.29296875,2003.455078125,1367.640625,61815,47829
2025-02-18 17:45:28,2.4,481.1796875,2230.29296875,2003.455078125,1367.64453125,61815,47830
2025-02-18 17:45:29,0.8,481.1796875,2230.29296875,2003.455078125,1367.6484375,61815,47831
2025-02-18 17:45:30,11.8,481.1796875,2230.29296875,2003.455078125,1367.65625,61815,47833
2025-02-18 17:45:31,12.0,481.1796875,2230.29296875,2003.455078125,1367.66015625,61815,47834
2025-02-18 17:45:32,10.7,481.1796875,2230.29296875,2003.455078125,1367.7890625,61815,47837
2025-02-18 17:45:33,9.8,481.1796875,2230.29296875,2003.455078125,1367.796875,61815,47839
2025-02-18 17:45:34,0.0,481.1796875,2230.29296875,2003.455078125,1367.80078125,61815,47840
2025-02-18 17:45:35,1.7,481.1796875,2230.29296875,2003.455078125,1367.8046875,61815,47841
2025-02-18 17:45:36,0.0,481.1796875,2230.29296875,2003.455078125,1367.93359375,61815,47845
2025-02-18 17:45:37,63.6,481.1796875,2230.29296875,2003.455078125,1367.9375,61815,47846
2025-02-18 17:45:39,9.1,481.1796875,2230.29296875,2003.455078125,1368.16796875,61815,47859
2025-02-18 17:45:40,8.3,481.1796875,2230.29296875,2003.455078125,1368.171875,61815,47860
2025-02-18 17:45:41,0.0,481.1796875,2230.29296875,2003.455078125,1368.17578125,61815,47861
2025-02-18 17:45:42,0.0,481.1796875,2230.29296875,2003.455078125,1368.1796875,61815,47862
2025-02-18 17:45:43,0.0,481.1796875,2230.29296875,2003.455078125,1368.18359375,61815,47863
2025-02-18 17:45:44,14.6,481.1796875,2230.29296875,2003.455078125,1368.3046875,61815,47867
2025-02-18 17:45:45,9.8,481.1796875,2230.29296875,2003.455078125,1368.30859375,61815,47868
2025-02-18 17:45:46,8.3,481.1796875,2230.29296875,2003.455078125,1368.3125,61815,47869
2025-02-18 17:45:47,1.6,481.1796875,2230.29296875,2003.455078125,1368.31640625,61815,47870
2025-02-18 17:45:48,0.0,481.1796875,2230.29296875,2003.455078125,1368.46484375,61815,47874
2025-02-18 17:45:50,0.8,481.1796875,2230.29296875,2003.455078125,1368.46875,61815,47875
2025-02-18 17:45:51,1.7,481.1796875,2230.29296875,2003.455078125,1368.47265625,61815,47876
2025-02-18 17:45:52,9.1,481.1796875,2230.29296875,2003.455078125,1368.48046875,61815,47878
2025-02-18 17:45:53,9.8,481.1796875,2230.29296875,2003.455078125,1368.484375,61815,47879
2025-02-18 17:45:54,8.3,481.1796875,2230.29296875,2003.455078125,1368.74609375,61815,47914
2025-02-18 17:45:55,9.2,481.1796875,2230.29296875,2003.455078125,1368.75,61815,47915
2025-02-18 17:45:56,0.0,481.1796875,2230.29296875,2003.455078125,1368.75390625,61815,47916
2025-02-18 17:45:57,0.0,481.1796875,2230.29296875,2003.455078125,1368.7578125,61815,47917
2025-02-18 17:45:58,7.3,481.4375,2230.29296875,2003.455078125,1368.8984375,61815,47921
2025-02-18 17:45:59,19.4,481.4375,2230.29296875,2003.455078125,1368.90234375,61815,47922
2025-02-18 17:46:01,13.4,481.4375,2230.29296875,2003.455078125,1368.91015625,61815,47924
2025-02-18 17:46:02,12.1,481.4375,2230.29296875,2003.455078125,1368.9140625,61815,47925
2025-02-18 17:46:03,1.7,481.4375,2230.29296875,2003.455078125,1368.91796875,61815,47926
2025-02-18 17:46:04,0.0,481.4375,2230.29296875,2003.455078125,1369.0703125,61815,47929
2025-02-18 17:46:05,0.0,481.4375,2230.29296875,2003.455078125,1369.07421875,61815,47930
2025-02-18 17:46:06,2.5,481.4375,2230.29296875,2003.455078125,1369.078125,61815,47931
2025-02-18 17:46:07,8.3,481.4375,2230.29296875,2003.455078125,1369.0859375,61815,47933
2025-02-18 17:46:08,8.3,481.4375,2230.29296875,2003.455078125,1369.08984375,61815,47934
2025-02-18 17:46:09,8.3,481.4375,2230.29296875,2003.455078125,1369.21875,61815,47937
2025-02-18 17:46:10,11.2,481.4375,2230.29296875,2003.455078125,1369.22265625,61815,47938
2025-02-18 17:46:12,2.5,481.4375,2230.29296875,2003.455078125,1369.2265625,61815,47939
2025-02-18 17:46:13,7.3,481.4375,2230.29296875,2003.455078125,1369.234375,61815,47941
2025-02-18 17:46:14,0.0,481.4375,2230.29296875,2003.455078125,1369.35546875,61815,47944
2025-02-18 17:46:15,9.1,481.4375,2230.29296875,2003.455078125,1369.36328125,61815,47946
2025-02-18 17:46:16,8.3,481.4375,2230.29296875,2003.455078125,1369.3671875,61815,47947
2025-02-18 17:46:17,27.9,481.4375,2230.29296875,2003.455078125,1369.37109375,61815,47948
2025-02-18 17:46:18,18.9,481.4375,2230.29296875,2003.455078125,1369.375,61815,47949
2025-02-18 17:46:19,9.8,481.4375,2230.29296875,2003.455078125,1369.5234375,61815,47952
2025-02-18 17:46:20,9.8,481.4375,2230.29296875,2003.455078125,1369.52734375,61815,47953
2025-02-18 17:46:22,8.3,481.4375,2230.29296875,2003.455078125,1369.53125,61815,47954
2025-02-18 17:46:23,5.0,481.4375,2230.29296875,2003.455078125,1369.5390625,61815,47956
2025-02-18 17:46:24,78.7,481.4375,2230.29296875,2003.455078125,1369.66796875,61815,47959
2025-02-18 17:46:25,22.6,481.4375,2230.29296875,2003.455078125,1369.67578125,61815,47961
2025-02-18 17:46:26,16.5,481.4375,2230.29296875,2003.455078125,1369.6796875,61815,47962
2025-02-18 17:46:27,16.8,481.4375,2230.29296875,2003.455078125,1369.68359375,61815,47963
2025-02-18 17:46:28,8.3,481.4375,2230.29296875,2003.455078125,1369.6875,61815,47964
2025-02-18 17:46:29,11.6,481.4375,2230.29296875,2003.455078125,1369.94140625,61815,47993
2025-02-18 17:46:30,19.5,481.4375,2230.29296875,2003.455078125,1369.94921875,61815,47995
2025-02-18 17:46:31,28.0,481.4375,2230.29296875,2003.455078125,1369.953125,61815,47996
2025-02-18 17:46:33,22.2,481.4375,2230.29296875,2003.455078125,1369.95703125,61815,47997
2025-02-18 17:46:34,16.7,481.4375,2230.29296875,2003.455078125,1369.9609375,61815,47998
2025-02-18 17:46:35,9.9,481.4375,2230.29296875,2003.455078125,1370.1015625,61815,48001
2025-02-18 17:46:36,2.5,481.4375,2230.29296875,2003.455078125,1370.10546875,61815,48002
2025-02-18 17:46:37,0.8,481.4375,2230.29296875,2003.455078125,1370.11328125,61815,48004
2025-02-18 17:46:38,9.9,481.4375,2230.29296875,2003.455078125,1370.12109375,61815,48006
2025-02-18 17:46:39,73.7,481.4375,2230.29296875,2003.455078125,1370.24609375,61815,48009
2025-02-18 17:46:40,9.9,481.4375,2230.29296875,2003.455078125,1370.25,61815,48010
2025-02-18 17:46:41,11.4,481.4375,2230.29296875,2003.455078125,1370.25390625,61815,48011
2025-02-18 17:46:42,0.0,481.4375,2230.29296875,2003.455078125,1370.2578125,61815,48012
2025-02-18 17:46:44,0.8,481.4375,2230.29296875,2003.455078125,1370.26171875,61815,48013
2025-02-18 17:46:45,1.7,481.4375,2230.29296875,2003.455078125,1371.72265625,61815,48018
2025-02-18 17:46:46,0.0,481.4375,2230.29296875,2003.455078125,1371.73046875,61815,48020
2025-02-18 17:46:47,18.6,481.4375,2230.29296875,2003.455078125,1371.734375,61815,48021
2025-02-18 17:46:48,8.5,481.4375,2230.29296875,2003.455078125,1371.73828125,61815,48022
2025-02-18 17:46:49,27.4,481.4375,2230.29296875,2003.455078125,1371.89453125,61815,48027
2025-02-18 17:46:50,3.3,481.4375,2230.29296875,2003.455078125,1371.8984375,61815,48028
2025-02-18 17:46:51,0.8,481.4375,2230.29296875,2003.455078125,1372.0703125,61815,48036
2025-02-18 17:46:52,8.3,481.4375,2230.29296875,2003.455078125,1372.07421875,61815,48037
2025-02-18 17:46:53,11.5,481.4375,2230.29296875,2003.455078125,1372.08203125,61815,48039
2025-02-18 17:46:55,12.9,481.4375,2230.29296875,2003.455078125,1372.17578125,61815,48062
2025-02-18 17:46:56,18.1,481.4375,2230.29296875,2003.455078125,1372.390625,61815,48070
2025-02-18 17:46:57,12.8,481.4375,2230.29296875,2003.455078125,1372.39453125,61815,48071
2025-02-18 17:46:58,8.3,481.4375,2230.29296875,2003.455078125,1372.3984375,61815,48072
2025-02-18 17:46:59,0.0,481.4375,2230.29296875,2003.455078125,1372.40234375,61815,48073
2025-02-18 17:47:00,0.8,481.4375,2230.29296875,2003.455078125,1372.74609375,61815,48115
2025-02-18 17:47:01,0.8,481.4375,2230.29296875,2003.455078125,1372.75,61815,48116
2025-02-18 17:47:02,2.5,481.4375,2230.29296875,2003.455078125,1372.75390625,61815,48117
2025-02-18 17:47:03,8.3,481.4375,2230.29296875,2003.455078125,1372.76171875,61815,48119
2025-02-18 17:47:04,8.3,481.4375,2230.29296875,2003.455078125,1372.765625,61815,48120
2025-02-18 17:47:06,12.1,481.4375,2230.29296875,2003.455078125,1372.89453125,61815,48123
2025-02-18 17:47:07,12.4,481.4375,2230.29296875,2003.455078125,1372.8984375,61815,48124
2025-02-18 17:47:08,2.5,481.4375,2230.29296875,2003.455078125,1372.90234375,61815,48125
2025-02-18 17:47:09,0.0,481.4375,2230.29296875,2003.455078125,1372.90625,61815,48126
2025-02-18 17:47:10,0.8,481.4375,2230.29296875,2003.455078125,1373.17578125,61815,48162
2025-02-18 17:47:11,0.8,481.4375,2230.29296875,2003.455078125,1373.1796875,61815,48163
2025-02-18 17:47:12,16.8,481.4375,2230.29296875,2003.455078125,1373.1875,61815,48165
2025-02-18 17:47:13,8.3,481.4375,2230.29296875,2003.455078125,1373.19140625,61815,48166
2025-02-18 17:47:14,8.3,481.4375,2230.29296875,2003.455078125,1373.41796875,61815,48174
2025-02-18 17:47:16,8.4,481.4375,2230.29296875,2003.455078125,1373.421875,61815,48175
2025-02-18 17:47:17,2.4,481.4375,2230.29296875,2003.455078125,1373.42578125,61815,48176
2025-02-18 17:47:18,0.8,481.4375,2230.29296875,2003.455078125,1373.4296875,61815,48177
2025-02-18 17:47:19,21.8,481.4375,2230.29296875,2003.455078125,1373.4375,61815,48179
2025-02-18 17:47:20,8.5,481.4375,2230.29296875,2003.455078125,1373.7265625,61815,48189
2025-02-18 17:47:21,12.3,481.4375,2230.29296875,2003.455078125,1373.73046875,61815,48190
2025-02-18 17:47:22,72.5,481.4375,2230.29296875,2003.455078125,1373.734375,61815,48191
2025-02-18 17:47:23,0.0,481.4375,2230.29296875,2003.455078125,1373.91796875,61815,48200
2025-02-18 17:47:24,0.0,481.4375,2230.29296875,2003.455078125,1373.921875,61815,48201
2025-02-18 17:47:25,10.6,481.4375,2230.29296875,2003.455078125,1373.92578125,61815,48202
2025-02-18 17:47:27,10.0,481.4375,2230.29296875,2003.455078125,1373.93359375,61815,48204
2025-02-18 17:47:28,17.1,481.4375,2230.29296875,2003.455078125,1373.9375,61815,48205
2025-02-18 17:47:29,9.8,481.4375,2230.29296875,2003.455078125,1374.0625,61815,48208
2025-02-18 17:47:30,9.1,481.4375,2230.29296875,2003.455078125,1374.06640625,61815,48209
2025-02-18 17:47:31,10.6,481.4375,2230.29296875,2003.455078125,1374.0703125,61815,48210
2025-02-18 17:47:32,0.0,481.4375,2230.29296875,2003.455078125,1374.24609375,61815,48218
2025-02-18 17:47:33,5.1,481.4375,2230.29296875,2003.455078125,1374.25,61815,48219
2025-02-18 17:47:34,1.6,481.4375,2230.29296875,2003.455078125,1374.25390625,61815,48220
2025-02-18 17:47:35,15.7,481.4375,2230.29296875,2003.455078125,1374.265625,61815,48223
2025-02-18 17:47:36,9.8,481.4375,2230.29296875,2003.455078125,1374.26953125,61815,48224
2025-02-18 17:47:38,13.2,481.4375,2230.29296875,2003.455078125,1374.45703125,61815,48232
2025-02-18 17:47:39,9.2,481.4375,2230.29296875,2003.455078125,1374.58984375,61815,48240
2025-02-18 17:47:40,8.5,481.4375,2230.29296875,2003.455078125,1374.61328125,61815,48246
2025-02-18 17:47:41,0.0,481.4375,2230.29296875,2003.455078125,1374.6171875,61815,48247
2025-02-18 17:47:42,0.0,481.4375,2230.29296875,2003.455078125,1374.62109375,61815,48248
2025-02-18 17:47:43,4.9,481.4375,2230.29296875,2003.455078125,1374.625,61815,48249
2025-02-18 17:47:44,8.3,481.4375,2230.29296875,2003.455078125,1374.7421875,61815,48253
2025-02-18 17:47:45,8.3,481.4375,2230.29296875,2003.455078125,1374.84375,61815,48273
2025-02-18 17:47:46,11.4,481.4375,2230.29296875,2003.455078125,1374.84765625,61815,48274
2025-02-18 17:47:47,8.3,481.4375,2230.29296875,2003.455078125,1374.8515625,61815,48275
2025-02-18 17:47:49,0.0,481.4375,2230.29296875,2003.455078125,1374.85546875,61815,48276
2025-02-18 17:47:50,0.8,481.4375,2230.29296875,2003.455078125,1375.0,61815,48279
2025-02-18 17:47:51,0.0,481.4375,2230.29296875,2003.455078125,1375.01171875,61815,48282
2025-02-18 17:47:52,35.1,481.4375,2230.29296875,2003.455078125,1375.015625,61815,48283
2025-02-18 17:47:53,13.5,481.4375,2230.29296875,2003.455078125,1375.01953125,61815,48284
2025-02-18 17:47:54,8.3,481.4375,2230.29296875,2003.455078125,1375.1484375,61815,48287
2025-02-18 17:47:55,0.0,481.4375,2230.29296875,2003.455078125,1375.15234375,61815,48288
2025-02-18 17:47:56,0.0,481.4375,2230.29296875,2003.455078125,1375.15625,61815,48289
2025-02-18 17:47:57,0.0,481.4375,2230.29296875,2003.455078125,1375.1640625,61815,48291
2025-02-18 17:47:59,9.2,481.4375,2230.29296875,2003.455078125,1375.16796875,61815,48292
2025-02-18 17:48:00,8.3,481.4375,2230.29296875,2003.455078125,1375.27734375,61815,48295
2025-02-18 17:48:01,9.1,481.4375,2230.29296875,2003.455078125,1375.28125,61815,48296
2025-02-18 17:48:02,0.0,481.4375,2230.29296875,2003.455078125,1375.28515625,61815,48297
2025-02-18 17:48:03,1.7,481.4375,2230.29296875,2003.455078125,1375.29296875,61815,48299
2025-02-18 17:48:04,0.8,481.4375,2230.29296875,2003.455078125,1375.40625,61815,48302
2025-02-18 17:48:05,9.1,481.4375,2230.29296875,2003.455078125,1375.4140625,61815,48304
2025-02-18 17:48:06,9.3,481.4375,2230.29296875,2003.455078125,1375.62109375,61815,48313
2025-02-18 17:48:07,9.2,481.4375,2230.29296875,2003.455078125,1375.78125,61815,48321
2025-02-18 17:48:08,11.6,481.6953125,2230.29296875,2003.455078125,1375.80078125,61815,48326
2025-02-18 17:48:10,0.0,481.6953125,2230.29296875,2003.455078125,1375.8046875,61815,48327
2025-02-18 17:48:11,0.0,481.6953125,2230.29296875,2003.455078125,1375.82421875,61815,48329
2025-02-18 17:48:12,2.5,481.6953125,2230.29296875,2003.455078125,1375.83203125,61815,48331
2025-02-18 17:48:13,10.7,481.6953125,2230.29296875,2003.455078125,1375.95703125,61815,48334
2025-02-18 17:48:14,14.1,481.6953125,2230.29296875,2003.455078125,1375.96484375,61815,48336
2025-02-18 17:48:15,8.3,481.6953125,2230.29296875,2003.455078125,1375.96875,61815,48337
2025-02-18 17:48:16,4.3,481.6953125,2230.29296875,2003.455078125,1375.97265625,61815,48338
2025-02-18 17:48:17,0.0,481.6953125,2230.29296875,2003.455078125,1375.9765625,61815,48339
2025-02-18 17:48:18,1.7,481.6953125,2230.29296875,2003.455078125,1376.1875,61815,48347
2025-02-18 17:48:19,11.3,481.6953125,2230.29296875,2003.455078125,1376.1953125,61815,48349
2025-02-18 17:48:21,10.0,481.6953125,2230.29296875,2003.455078125,1376.2890625,61815,48373
2025-02-18 17:48:22,8.4,481.6953125,2230.29296875,2003.455078125,1376.29296875,61815,48374
2025-02-18 17:48:23,12.4,481.6953125,2230.29296875,2003.455078125,1376.43359375,61815,48377
2025-02-18 17:48:24,2.5,481.6953125,2230.29296875,2003.455078125,1376.4375,61815,48378
2025-02-18 17:48:25,0.0,481.6953125,2230.29296875,2003.455078125,1376.4453125,61815,48380
2025-02-18 17:48:26,0.8,481.6953125,2230.29296875,2003.455078125,1376.44921875,61815,48381
2025-02-18 17:48:27,11.3,481.6953125,2230.29296875,2003.455078125,1376.45703125,61815,48383
2025-02-18 17:48:28,8.3,481.6953125,2230.29296875,2003.455078125,1376.5703125,61815,48386
2025-02-18 17:48:29,12.7,481.6953125,2230.29296875,2003.455078125,1376.57421875,61815,48387
2025-02-18 17:48:30,0.0,481.6953125,2230.29296875,2003.455078125,1376.578125,61815,48388
2025-02-18 17:48:32,0.0,481.6953125,2230.29296875,2003.455078125,1376.58203125,61815,48389
2025-02-18 17:48:33,7.3,481.6953125,2230.29296875,2003.455078125,1376.5859375,61815,48390
2025-02-18 17:48:34,8.3,481.6953125,2230.29296875,2003.455078125,1376.72265625,61815,48399
2025-02-18 17:48:35,9.8,481.6953125,2230.29296875,2003.455078125,1376.7265625,61815,48400
2025-02-18 17:48:36,9.1,481.6953125,2230.29296875,2003.455078125,1376.734375,61815,48402
2025-02-18 17:48:37,13.2,481.6953125,2230.29296875,2003.455078125,1376.73828125,61815,48403
2025-02-18 17:48:38,0.8,481.6953125,2230.29296875,2003.455078125,1376.86328125,61815,48406
2025-02-18 17:48:39,0.8,481.6953125,2230.29296875,2003.455078125,1376.8671875,61815,48407
2025-02-18 17:48:40,2.5,481.6953125,2230.29296875,2003.455078125,1376.87109375,61815,48408
2025-02-18 17:48:41,9.2,481.6953125,2230.29296875,2003.455078125,1376.87890625,61815,48410
2025-02-18 17:48:43,27.0,481.6953125,2230.29296875,2003.455078125,1376.88671875,61815,48412
2025-02-18 17:48:44,12.1,481.6953125,2230.29296875,2003.455078125,1376.99609375,61815,48415
2025-02-18 17:48:45,8.3,481.6953125,2230.29296875,2003.455078125,1377.0,61815,48416
2025-02-18 17:48:46,0.8,481.6953125,2230.29296875,2003.455078125,1377.00390625,61815,48417
2025-02-18 17:48:47,0.0,481.6953125,2230.29296875,2003.455078125,1377.0078125,61815,48418
2025-02-18 17:48:48,0.0,481.6953125,2230.29296875,2003.455078125,1377.12109375,61815,48421
2025-02-18 17:48:49,10.5,481.6953125,2230.29296875,2003.455078125,1377.12890625,61815,48423
2025-02-18 17:48:50,8.3,481.6953125,2230.29296875,2003.455078125,1377.1328125,61815,48424
2025-02-18 17:48:51,12.6,481.6953125,2230.29296875,2003.455078125,1377.140625,61815,48426
2025-02-18 17:48:53,6.6,481.6953125,2230.29296875,2003.455078125,1377.14453125,61815,48427
2025-02-18 17:48:54,0.0,481.6953125,2230.29296875,2003.455078125,1377.27734375,61815,48430
2025-02-18 17:48:55,3.3,481.6953125,2230.29296875,2003.455078125,1377.28515625,61815,48432
2025-02-18 17:48:56,0.0,481.6953125,2230.29296875,2003.455078125,1377.40234375,61815,48456
2025-02-18 17:48:57,8.3,481.6953125,2230.29296875,2003.455078125,1377.41015625,61815,48458
2025-02-18 17:48:58,8.3,481.6953125,2230.29296875,2003.455078125,1377.52734375,61815,48461
2025-02-18 17:48:59,10.6,481.6953125,2230.29296875,2003.455078125,1377.53125,61815,48462
2025-02-18 17:49:00,9.0,481.6953125,2230.29296875,2003.455078125,1377.53515625,61815,48463
2025-02-18 17:49:01,0.0,481.6953125,2230.29296875,2003.455078125,1377.5390625,61815,48464
2025-02-18 17:49:02,0.0,481.6953125,2230.29296875,2003.455078125,1377.54296875,61815,48465
2025-02-18 17:49:04,0.0,481.6953125,2230.29296875,2003.455078125,1377.6484375,61815,48468
2025-02-18 17:49:05,5.8,481.6953125,2230.29296875,2003.455078125,1377.65625,61815,48470
2025-02-18 17:49:06,25.0,481.6953125,2230.29296875,2003.455078125,1377.66015625,61815,48471
2025-02-18 17:49:07,9.1,481.6953125,2230.29296875,2003.455078125,1377.68359375,61815,48477
2025-02-18 17:49:08,12.0,481.6953125,2230.29296875,2003.455078125,1377.81640625,61815,48480
2025-02-18 17:49:09,0.0,481.6953125,2230.29296875,2003.455078125,1377.8203125,61815,48481
2025-02-18 17:49:10,0.0,481.6953125,2230.29296875,2003.455078125,1377.82421875,61815,48482
2025-02-18 17:49:11,3.3,481.6953125,2230.29296875,2003.455078125,1377.828125,61815,48483
2025-02-18 17:49:12,8.4,481.6953125,2230.29296875,2003.455078125,1377.8359375,61815,48485
2025-02-18 17:49:13,9.2,481.6953125,2230.29296875,2003.455078125,1377.94921875,61815,48489
2025-02-18 17:49:15,9.1,481.6953125,2230.29296875,2003.455078125,1377.953125,61815,48490
